"","name","m2","droppings"
"1","Noerholm_V (1).JPG",6.68006580584099,18
"2","Noerholm_V (10).JPG",6.68006580584099,56
"3","Noerholm_V (100).JPG",6.68006580584099,19
"4","Noerholm_V (1000).JPG",6.68006580584099,8
"5","Noerholm_V (1002).JPG",6.68006580584099,28
"6","Noerholm_V (1004).JPG",6.68006580584099,2
"7","Noerholm_V (1007).JPG",7.3647725509397,14
"8","Noerholm_V (1009).JPG",8.0828796250676,6
"9","Noerholm_V (1011).JPG",4.27524211573824,62
"10","Noerholm_V (1013).JPG",4.27524211573824,111
"11","Noerholm_V (1015).JPG",4.82634754472012,100
"12","Noerholm_V (1017).JPG",4.27524211573824,112
"13","Noerholm_V (1019).JPG",4.27524211573824,143
"14","Noerholm_V (102).JPG",6.68006580584099,35
"15","Noerholm_V (1021).JPG",4.27524211573824,163
"16","Noerholm_V (1023).JPG",4.82634754472012,131
"17","Noerholm_V (1025).JPG",3.27323224486209,111
"18","Noerholm_V (1027).JPG",3.27323224486209,113
"19","Noerholm_V (1029).JPG",3.27323224486209,158
"20","Noerholm_V (1030).JPG",3.27323224486209,179
"21","Noerholm_V (1031).JPG",3.27323224486209,81
"22","Noerholm_V (1033).JPG",3.27323224486209,51
"23","Noerholm_V (1034).JPG",3.27323224486209,210
"24","Noerholm_V (1037).JPG",3.75753701578556,151
"25","Noerholm_V (1039).JPG",3.27323224486209,167
"26","Noerholm_V (104).JPG",6.68006580584099,51
"27","Noerholm_V (1041).JPG",3.27323224486209,100
"28","Noerholm_V (1043).JPG",3.27323224486209,105
"29","Noerholm_V (1044).JPG",2.82232780296782,228
"30","Noerholm_V (1047).JPG",3.27323224486209,206
"31","Noerholm_V (1049).JPG",3.27323224486209,201
"32","Noerholm_V (1051).JPG",2.40482369010276,180
"33","Noerholm_V (1053).JPG",2.40482369010276,91
"34","Noerholm_V (1055).JPG",2.40482369010276,81
"35","Noerholm_V (1056).JPG",3.27323224486209,117
"36","Noerholm_V (1058).JPG",3.27323224486209,134
"37","Noerholm_V (106).JPG",6.68006580584099,16
"38","Noerholm_V (1060).JPG",2.82232780296782,56
"39","Noerholm_V (1062).JPG",2.82232780296782,73
"40","Noerholm_V (1064).JPG",2.82232780296782,85
"41","Noerholm_V (1066).JPG",2.82232780296782,114
"42","Noerholm_V (1068).JPG",3.75753701578556,47
"43","Noerholm_V (1070).JPG",3.27323224486209,39
"44","Noerholm_V (1071).JPG",4.27524211573824,20
"45","Noerholm_V (1073).JPG",3.75753701578556,17
"46","Noerholm_V (1075).JPG",4.27524211573824,11
"47","Noerholm_V (1076).JPG",3.75753701578556,53
"48","Noerholm_V (1077).JPG",3.75753701578556,22
"49","Noerholm_V (1078).JPG",3.75753701578556,60
"50","Noerholm_V (108).JPG",6.68006580584099,39
"51","Noerholm_V (1080).JPG",3.27323224486209,99
"52","Noerholm_V (1082).JPG",3.27323224486209,139
"53","Noerholm_V (1084).JPG",3.75753701578556,91
"54","Noerholm_V (1086).JPG",3.75753701578556,35
"55","Noerholm_V (1087).JPG",3.75753701578556,32
"56","Noerholm_V (1088).JPG",3.75753701578556,18
"57","Noerholm_V (1089).JPG",3.75753701578556,40
"58","Noerholm_V (109).JPG",6.68006580584099,31
"59","Noerholm_V (1090).JPG",3.27323224486209,46
"60","Noerholm_V (1092).JPG",3.27323224486209,44
"61","Noerholm_V (1093).JPG",3.75753701578556,24
"62","Noerholm_V (1095).JPG",3.75753701578556,72
"63","Noerholm_V (1096).JPG",3.75753701578556,33
"64","Noerholm_V (1098).JPG",3.27323224486209,26
"65","Noerholm_V (110).JPG",6.68006580584099,35
"66","Noerholm_V (1100).JPG",3.75753701578556,18
"67","Noerholm_V (1102).JPG",3.75753701578556,13
"68","Noerholm_V (1103).JPG",3.75753701578556,14
"69","Noerholm_V (1104).JPG",3.27323224486209,25
"70","Noerholm_V (1107).JPG",4.27524211573824,14
"71","Noerholm_V (1109).JPG",3.75753701578556,14
"72","Noerholm_V (111).JPG",7.3647725509397,40
"73","Noerholm_V (1111).JPG",4.27524211573824,7
"74","Noerholm_V (1113).JPG",4.27524211573824,20
"75","Noerholm_V (1115).JPG",4.27524211573824,49
"76","Noerholm_V (1116).JPG",4.27524211573824,44
"77","Noerholm_V (1119).JPG",4.27524211573824,41
"78","Noerholm_V (1121).JPG",4.27524211573824,13
"79","Noerholm_V (1122).JPG",4.27524211573824,20
"80","Noerholm_V (1124).JPG",4.27524211573824,48
"81","Noerholm_V (1125).JPG",4.27524211573824,57
"82","Noerholm_V (1127).JPG",5.41085330273121,43
"83","Noerholm_V (1129).JPG",6.0287593897715,58
"84","Noerholm_V (113).JPG",50.5179976566725,64
"85","Noerholm_V (1131).JPG",4.82634754472012,73
"86","Noerholm_V (1133).JPG",4.82634754472012,50
"87","Noerholm_V (1134).JPG",4.82634754472012,47
"88","Noerholm_V (1136).JPG",4.82634754472012,22
"89","Noerholm_V (1138).JPG",4.27524211573824,14
"90","Noerholm_V (1140).JPG",4.27524211573824,14
"91","Noerholm_V (1141).JPG",4.27524211573824,13
"92","Noerholm_V (1144).JPG",4.82634754472012,8
"93","Noerholm_V (1145).JPG",4.82634754472012,5
"94","Noerholm_V (1146).JPG",4.82634754472012,10
"95","Noerholm_V (1148).JPG",4.82634754472012,13
"96","Noerholm_V (1150).JPG",4.82634754472012,17
"97","Noerholm_V (1151).JPG",4.82634754472012,25
"98","Noerholm_V (1153).JPG",4.27524211573824,16
"99","Noerholm_V (1155).JPG",4.27524211573824,26
"100","Noerholm_V (1156).JPG",4.82634754472012,30
"101","Noerholm_V (1157).JPG",4.27524211573824,45
"102","Noerholm_V (1159).JPG",4.27524211573824,26
"103","Noerholm_V (1161).JPG",4.27524211573824,95
"104","Noerholm_V (1163).JPG",4.27524211573824,29
"105","Noerholm_V (1165).JPG",4.27524211573824,54
"106","Noerholm_V (1167).JPG",4.27524211573824,59
"107","Noerholm_V (1169).JPG",4.27524211573824,53
"108","Noerholm_V (117).JPG",7.3647725509397,89
"109","Noerholm_V (1171).JPG",4.27524211573824,43
"110","Noerholm_V (1172).JPG",4.27524211573824,109
"111","Noerholm_V (1174).JPG",4.27524211573824,73
"112","Noerholm_V (1176).JPG",4.27524211573824,100
"113","Noerholm_V (1178).JPG",4.82634754472012,130
"114","Noerholm_V (1180).JPG",5.41085330273121,76
"115","Noerholm_V (1182).JPG",5.41085330273121,54
"116","Noerholm_V (1184).JPG",5.41085330273121,52
"117","Noerholm_V (1186).JPG",4.82634754472012,72
"118","Noerholm_V (1188).JPG",4.82634754472012,94
"119","Noerholm_V (119).JPG",5.41085330273121,94
"120","Noerholm_V (1190).JPG",5.41085330273121,54
"121","Noerholm_V (1192).JPG",5.41085330273121,23
"122","Noerholm_V (1193).JPG",5.41085330273121,43
"123","Noerholm_V (1194).JPG",5.41085330273121,40
"124","Noerholm_V (1196).JPG",4.82634754472012,63
"125","Noerholm_V (1197).JPG",5.41085330273121,35
"126","Noerholm_V (1199).JPG",5.41085330273121,21
"127","Noerholm_V (12).JPG",6.68006580584099,66
"128","Noerholm_V (1201).JPG",5.41085330273121,12
"129","Noerholm_V (1203).JPG",4.82634754472012,24
"130","Noerholm_V (1205).JPG",6.0287593897715,46
"131","Noerholm_V (1206).JPG",6.68006580584099,44
"132","Noerholm_V (1209).JPG",6.0287593897715,11
"133","Noerholm_V (121).JPG",6.0287593897715,87
"134","Noerholm_V (1210).JPG",6.0287593897715,2
"135","Noerholm_V (1211).JPG",6.0287593897715,12
"136","Noerholm_V (1213).JPG",5.41085330273121,32
"137","Noerholm_V (1214).JPG",6.0287593897715,23
"138","Noerholm_V (1216).JPG",6.0287593897715,25
"139","Noerholm_V (1218).JPG",5.41085330273121,31
"140","Noerholm_V (1220).JPG",5.41085330273121,35
"141","Noerholm_V (1222).JPG",6.0287593897715,31
"142","Noerholm_V (1224).JPG",6.68006580584099,18
"143","Noerholm_V (1225).JPG",6.0287593897715,15
"144","Noerholm_V (1227).JPG",6.0287593897715,13
"145","Noerholm_V (1229).JPG",6.0287593897715,28
"146","Noerholm_V (123).JPG",5.41085330273121,81
"147","Noerholm_V (1231).JPG",6.0287593897715,28
"148","Noerholm_V (1233).JPG",6.68006580584099,33
"149","Noerholm_V (1235).JPG",6.68006580584099,26
"150","Noerholm_V (1237).JPG",6.68006580584099,52
"151","Noerholm_V (1239).JPG",6.68006580584099,31
"152","Noerholm_V (1240).JPG",6.0287593897715,34
"153","Noerholm_V (1241).JPG",6.0287593897715,44
"154","Noerholm_V (1242).JPG",6.0287593897715,63
"155","Noerholm_V (1244).JPG",6.68006580584099,50
"156","Noerholm_V (1246).JPG",6.0287593897715,40
"157","Noerholm_V (1248).JPG",6.68006580584099,29
"158","Noerholm_V (1249).JPG",6.0287593897715,59
"159","Noerholm_V (125).JPG",5.41085330273121,67
"160","Noerholm_V (1251).JPG",6.68006580584099,44
"161","Noerholm_V (1252).JPG",6.0287593897715,30
"162","Noerholm_V (1254).JPG",6.0287593897715,52
"163","Noerholm_V (1256).JPG",6.0287593897715,22
"164","Noerholm_V (1258).JPG",5.41085330273121,9
"165","Noerholm_V (1260).JPG",6.68006580584099,15
"166","Noerholm_V (1262).JPG",6.68006580584099,11
"167","Noerholm_V (1264).JPG",6.68006580584099,43
"168","Noerholm_V (1265).JPG",6.0287593897715,78
"169","Noerholm_V (1266).JPG",6.68006580584099,35
"170","Noerholm_V (1268).JPG",6.0287593897715,65
"171","Noerholm_V (127).JPG",5.41085330273121,67
"172","Noerholm_V (1270).JPG",6.0287593897715,56
"173","Noerholm_V (1272).JPG",6.68006580584099,51
"174","Noerholm_V (1274).JPG",6.0287593897715,17
"175","Noerholm_V (1276).JPG",6.68006580584099,17
"176","Noerholm_V (1278).JPG",6.0287593897715,14
"177","Noerholm_V (1280).JPG",6.68006580584099,11
"178","Noerholm_V (1282).JPG",6.68006580584099,8
"179","Noerholm_V (1284).JPG",6.68006580584099,6
"180","Noerholm_V (1286).JPG",6.68006580584099,7
"181","Noerholm_V (1288).JPG",6.0287593897715,1
"182","Noerholm_V (129).JPG",5.41085330273121,61
"183","Noerholm_V (1290).JPG",6.0287593897715,6
"184","Noerholm_V (1292).JPG",8.83438702822471,30
"185","Noerholm_V (1294).JPG",8.83438702822471,47
"186","Noerholm_V (1296).JPG",9.61929476041103,37
"187","Noerholm_V (1298).JPG",8.83438702822471,28
"188","Noerholm_V (1300).JPG",8.83438702822471,31
"189","Noerholm_V (1302).JPG",8.83438702822471,45
"190","Noerholm_V (1303).JPG",8.83438702822471,24
"191","Noerholm_V (1304).JPG",8.83438702822471,35
"192","Noerholm_V (1306).JPG",8.83438702822471,20
"193","Noerholm_V (1308).JPG",8.83438702822471,63
"194","Noerholm_V (131).JPG",6.0287593897715,83
"195","Noerholm_V (1310).JPG",8.83438702822471,85
"196","Noerholm_V (1312).JPG",8.83438702822471,63
"197","Noerholm_V (1313).JPG",8.83438702822471,115
"198","Noerholm_V (1315).JPG",8.83438702822471,105
"199","Noerholm_V (1317).JPG",8.83438702822471,107
"200","Noerholm_V (1319).JPG",8.83438702822471,112
"201","Noerholm_V (1322).JPG",8.0828796250676,79
"202","Noerholm_V (1324).JPG",6.68006580584099,38
"203","Noerholm_V (1325).JPG",6.68006580584099,58
"204","Noerholm_V (1327).JPG",6.68006580584099,24
"205","Noerholm_V (1329).JPG",6.0287593897715,60
"206","Noerholm_V (1331).JPG",6.68006580584099,100
"207","Noerholm_V (1332).JPG",6.68006580584099,92
"208","Noerholm_V (1333).JPG",6.68006580584099,76
"209","Noerholm_V (1335).JPG",6.68006580584099,101
"210","Noerholm_V (1336).JPG",6.68006580584099,70
"211","Noerholm_V (1337).JPG",6.68006580584099,54
"212","Noerholm_V (1338).JPG",6.68006580584099,40
"213","Noerholm_V (1339).JPG",6.68006580584099,34
"214","Noerholm_V (134).JPG",4.82634754472012,94
"215","Noerholm_V (1341).JPG",6.68006580584099,40
"216","Noerholm_V (1343).JPG",7.3647725509397,38
"217","Noerholm_V (1345).JPG",6.68006580584099,20
"218","Noerholm_V (1348).JPG",6.68006580584099,14
"219","Noerholm_V (1350).JPG",6.68006580584099,34
"220","Noerholm_V (1351).JPG",6.68006580584099,30
"221","Noerholm_V (1352).JPG",6.68006580584099,24
"222","Noerholm_V (1353).JPG",6.68006580584099,17
"223","Noerholm_V (1355).JPG",6.68006580584099,12
"224","Noerholm_V (1357).JPG",6.68006580584099,24
"225","Noerholm_V (1359).JPG",6.0287593897715,18
"226","Noerholm_V (136).JPG",5.41085330273121,120
"227","Noerholm_V (1361).JPG",6.0287593897715,39
"228","Noerholm_V (1363).JPG",6.68006580584099,46
"229","Noerholm_V (1364).JPG",6.68006580584099,34
"230","Noerholm_V (1366).JPG",6.68006580584099,25
"231","Noerholm_V (1368).JPG",6.0287593897715,33
"232","Noerholm_V (1370).JPG",6.68006580584099,32
"233","Noerholm_V (1372).JPG",6.68006580584099,30
"234","Noerholm_V (1373).JPG",6.68006580584099,17
"235","Noerholm_V (1375).JPG",6.68006580584099,21
"236","Noerholm_V (1377).JPG",6.68006580584099,17
"237","Noerholm_V (1379).JPG",6.0287593897715,9
"238","Noerholm_V (138).JPG",5.41085330273121,148
"239","Noerholm_V (1381).JPG",6.0287593897715,8
"240","Noerholm_V (1383).JPG",6.68006580584099,16
"241","Noerholm_V (1386).JPG",6.0287593897715,16
"242","Noerholm_V (1388).JPG",6.0287593897715,18
"243","Noerholm_V (1390).JPG",6.68006580584099,31
"244","Noerholm_V (1392).JPG",6.68006580584099,25
"245","Noerholm_V (1394).JPG",6.0287593897715,18
"246","Noerholm_V (1396).JPG",6.0287593897715,49
"247","Noerholm_V (1398).JPG",6.68006580584099,54
"248","Noerholm_V (14).JPG",6.0287593897715,23
"249","Noerholm_V (140).JPG",5.41085330273121,108
"250","Noerholm_V (1400).JPG",6.0287593897715,56
"251","Noerholm_V (1402).JPG",6.68006580584099,37
"252","Noerholm_V (1404).JPG",6.0287593897715,56
"253","Noerholm_V (1406).JPG",6.0287593897715,24
"254","Noerholm_V (1408).JPG",6.0287593897715,39
"255","Noerholm_V (1410).JPG",6.68006580584099,23
"256","Noerholm_V (1412).JPG",6.68006580584099,7
"257","Noerholm_V (1414).JPG",6.68006580584099,32
"258","Noerholm_V (1416).JPG",6.68006580584099,32
"259","Noerholm_V (1418).JPG",6.68006580584099,43
"260","Noerholm_V (142).JPG",5.41085330273121,68
"261","Noerholm_V (1420).JPG",6.0287593897715,43
"262","Noerholm_V (1423).JPG",6.0287593897715,40
"263","Noerholm_V (1425).JPG",6.68006580584099,34
"264","Noerholm_V (1426).JPG",6.68006580584099,18
"265","Noerholm_V (1428).JPG",6.0287593897715,12
"266","Noerholm_V (1429).JPG",6.0287593897715,16
"267","Noerholm_V (1430).JPG",6.68006580584099,26
"268","Noerholm_V (1431).JPG",6.68006580584099,29
"269","Noerholm_V (1433).JPG",6.0287593897715,25
"270","Noerholm_V (1434).JPG",6.68006580584099,25
"271","Noerholm_V (1436).JPG",6.0287593897715,32
"272","Noerholm_V (1438).JPG",6.0287593897715,82
"273","Noerholm_V (1439).JPG",6.68006580584099,50
"274","Noerholm_V (144).JPG",6.0287593897715,75
"275","Noerholm_V (1441).JPG",6.68006580584099,29
"276","Noerholm_V (1443).JPG",6.68006580584099,98
"277","Noerholm_V (1444).JPG",6.68006580584099,51
"278","Noerholm_V (1446).JPG",6.68006580584099,65
"279","Noerholm_V (1448).JPG",6.68006580584099,48
"280","Noerholm_V (1449).JPG",6.68006580584099,47
"281","Noerholm_V (1450).JPG",6.68006580584099,56
"282","Noerholm_V (1451).JPG",6.0287593897715,54
"283","Noerholm_V (1453).JPG",6.0287593897715,47
"284","Noerholm_V (1455).JPG",6.0287593897715,72
"285","Noerholm_V (1457).JPG",6.68006580584099,35
"286","Noerholm_V (146).JPG",5.41085330273121,71
"287","Noerholm_V (1460).JPG",6.0287593897715,27
"288","Noerholm_V (1463).JPG",6.68006580584099,37
"289","Noerholm_V (1465).JPG",6.68006580584099,42
"290","Noerholm_V (1467).JPG",6.0287593897715,42
"291","Noerholm_V (1469).JPG",6.0287593897715,49
"292","Noerholm_V (1471).JPG",6.68006580584099,39
"293","Noerholm_V (1473).JPG",6.68006580584099,30
"294","Noerholm_V (1475).JPG",6.68006580584099,60
"295","Noerholm_V (1477).JPG",6.68006580584099,35
"296","Noerholm_V (1479).JPG",6.68006580584099,42
"297","Noerholm_V (148).JPG",5.41085330273121,85
"298","Noerholm_V (1481).JPG",6.68006580584099,63
"299","Noerholm_V (1483).JPG",6.68006580584099,17
"300","Noerholm_V (1485).JPG",6.68006580584099,29
"301","Noerholm_V (1487).JPG",6.68006580584099,24
"302","Noerholm_V (1488).JPG",6.68006580584099,12
"303","Noerholm_V (1490).JPG",6.68006580584099,4
"304","Noerholm_V (1492).JPG",6.68006580584099,14
"305","Noerholm_V (1494).JPG",6.68006580584099,28
"306","Noerholm_V (1496).JPG",6.68006580584099,17
"307","Noerholm_V (1497).JPG",6.68006580584099,20
"308","Noerholm_V (1499).JPG",6.0287593897715,15
"309","Noerholm_V (150).JPG",5.41085330273121,82
"310","Noerholm_V (1501).JPG",10.8217066054624,0
"311","Noerholm_V (1502).JPG",18.1846235825672,0
"312","Noerholm_V (1503).JPG",18.1846235825672,0
"313","Noerholm_V (1504).JPG",19.2385895208221,0
"314","Noerholm_V (1505).JPG",18.1846235825672,0
"315","Noerholm_V (1506).JPG",19.2385895208221,0
"316","Noerholm_V (1507).JPG",19.2385895208221,0
"317","Noerholm_V (1508).JPG",19.2385895208221,0
"318","Noerholm_V (1509).JPG",19.2385895208221,51
"319","Noerholm_V (1511).JPG",19.2385895208221,84
"320","Noerholm_V (1514).JPG",3.3400329029205,7
"321","Noerholm_V (1516).JPG",3.3400329029205,3
"322","Noerholm_V (1518).JPG",4.80964738020552,5
"323","Noerholm_V (1520).JPG",4.29008670641788,8
"324","Noerholm_V (1522).JPG",5.93783627185866,4
"325","Noerholm_V (1524).JPG",7.18478188894898,15
"326","Noerholm_V (1526).JPG",7.85278846953308,13
"327","Noerholm_V (1529).JPG",7.85278846953308,17
"328","Noerholm_V (153).JPG",5.41085330273121,53
"329","Noerholm_V (1531).JPG",7.85278846953308,45
"330","Noerholm_V (1533).JPG",7.85278846953308,39
"331","Noerholm_V (1534).JPG",7.85278846953308,31
"332","Noerholm_V (1536).JPG",7.18478188894898,70
"333","Noerholm_V (1538).JPG",4.80964738020552,29
"334","Noerholm_V (1539).JPG",4.80964738020552,47
"335","Noerholm_V (1541).JPG",5.35889723535244,78
"336","Noerholm_V (1543).JPG",5.35889723535244,101
"337","Noerholm_V (1545).JPG",4.80964738020552,68
"338","Noerholm_V (1547).JPG",4.80964738020552,39
"339","Noerholm_V (1549).JPG",5.35889723535244,27
"340","Noerholm_V (155).JPG",5.41085330273121,48
"341","Noerholm_V (1551).JPG",5.35889723535244,34
"342","Noerholm_V (1553).JPG",4.80964738020552,15
"343","Noerholm_V (1554).JPG",5.35889723535244,17
"344","Noerholm_V (1556).JPG",4.80964738020552,27
"345","Noerholm_V (1558).JPG",5.35889723535244,52
"346","Noerholm_V (1560).JPG",4.80964738020552,85
"347","Noerholm_V (1561).JPG",5.35889723535244,60
"348","Noerholm_V (1562).JPG",4.80964738020552,65
"349","Noerholm_V (1563).JPG",4.80964738020552,57
"350","Noerholm_V (1564).JPG",5.35889723535244,59
"351","Noerholm_V (1566).JPG",5.35889723535244,43
"352","Noerholm_V (1568).JPG",4.80964738020552,72
"353","Noerholm_V (157).JPG",5.41085330273121,69
"354","Noerholm_V (1570).JPG",4.80964738020552,47
"355","Noerholm_V (1571).JPG",4.80964738020552,31
"356","Noerholm_V (1572).JPG",4.80964738020552,32
"357","Noerholm_V (1574).JPG",4.80964738020552,67
"358","Noerholm_V (1576).JPG",4.80964738020552,93
"359","Noerholm_V (1578).JPG",4.80964738020552,43
"360","Noerholm_V (1580).JPG",4.80964738020552,53
"361","Noerholm_V (1582).JPG",4.80964738020552,45
"362","Noerholm_V (1584).JPG",5.35889723535244,27
"363","Noerholm_V (1586).JPG",5.35889723535244,37
"364","Noerholm_V (1587).JPG",4.80964738020552,34
"365","Noerholm_V (1589).JPG",4.80964738020552,32
"366","Noerholm_V (159).JPG",5.41085330273121,41
"367","Noerholm_V (1591).JPG",4.80964738020552,27
"368","Noerholm_V (1592).JPG",4.80964738020552,34
"369","Noerholm_V (1594).JPG",4.80964738020552,21
"370","Noerholm_V (1596).JPG",5.35889723535244,38
"371","Noerholm_V (1598).JPG",5.35889723535244,39
"372","Noerholm_V (1599).JPG",5.35889723535244,42
"373","Noerholm_V (16).JPG",7.3647725509397,61
"374","Noerholm_V (1601).JPG",5.35889723535244,41
"375","Noerholm_V (1603).JPG",5.35889723535244,41
"376","Noerholm_V (1605).JPG",5.93783627185866,47
"377","Noerholm_V (1607).JPG",5.35889723535244,41
"378","Noerholm_V (1609).JPG",5.35889723535244,38
"379","Noerholm_V (1611).JPG",5.35889723535244,38
"380","Noerholm_V (1613).JPG",5.35889723535244,41
"381","Noerholm_V (1615).JPG",5.35889723535244,40
"382","Noerholm_V (1617).JPG",5.93783627185866,22
"383","Noerholm_V (1619).JPG",5.93783627185866,24
"384","Noerholm_V (162).JPG",7.3647725509397,27
"385","Noerholm_V (1621).JPG",5.35889723535244,23
"386","Noerholm_V (1623).JPG",5.93783627185866,36
"387","Noerholm_V (1625).JPG",5.93783627185866,45
"388","Noerholm_V (1627).JPG",5.93783627185866,48
"389","Noerholm_V (1629).JPG",5.93783627185866,27
"390","Noerholm_V (1631).JPG",5.93783627185866,26
"391","Noerholm_V (1633).JPG",5.35889723535244,28
"392","Noerholm_V (1635).JPG",5.35889723535244,34
"393","Noerholm_V (1637).JPG",5.35889723535244,33
"394","Noerholm_V (1638).JPG",5.35889723535244,39
"395","Noerholm_V (164).JPG",14.0448383567807,20
"396","Noerholm_V (1640).JPG",5.35889723535244,47
"397","Noerholm_V (1642).JPG",5.35889723535244,41
"398","Noerholm_V (1644).JPG",5.35889723535244,36
"399","Noerholm_V (1646).JPG",5.35889723535244,64
"400","Noerholm_V (1648).JPG",5.93783627185866,61
"401","Noerholm_V (1650).JPG",5.93783627185866,24
"402","Noerholm_V (1652).JPG",5.35889723535244,3
"403","Noerholm_V (1654).JPG",5.35889723535244,4
"404","Noerholm_V (1656).JPG",5.93783627185866,27
"405","Noerholm_V (1658).JPG",5.93783627185866,2
"406","Noerholm_V (166).JPG",13.0929289794484,51
"407","Noerholm_V (1661).JPG",5.35889723535244,11
"408","Noerholm_V (1663).JPG",5.35889723535244,11
"409","Noerholm_V (1665).JPG",5.35889723535244,22
"410","Noerholm_V (1667).JPG",4.80964738020552,46
"411","Noerholm_V (1668).JPG",5.35889723535244,30
"412","Noerholm_V (1670).JPG",4.80964738020552,34
"413","Noerholm_V (1672).JPG",4.80964738020552,12
"414","Noerholm_V (1674).JPG",5.35889723535244,24
"415","Noerholm_V (1676).JPG",5.35889723535244,12
"416","Noerholm_V (1678).JPG",5.35889723535244,14
"417","Noerholm_V (1679).JPG",5.93783627185866,16
"418","Noerholm_V (168).JPG",13.0929289794484,24
"419","Noerholm_V (1680).JPG",5.35889723535244,47
"420","Noerholm_V (1681).JPG",5.93783627185866,24
"421","Noerholm_V (1683).JPG",5.35889723535244,50
"422","Noerholm_V (1684).JPG",5.35889723535244,57
"423","Noerholm_V (1686).JPG",5.35889723535244,60
"424","Noerholm_V (1688).JPG",5.93783627185866,37
"425","Noerholm_V (1690).JPG",5.93783627185866,53
"426","Noerholm_V (1695).JPG",5.35889723535244,31
"427","Noerholm_V (1698).JPG",5.35889723535244,45
"428","Noerholm_V (1703).JPG",5.35889723535244,50
"429","Noerholm_V (1705).JPG",5.35889723535244,54
"430","Noerholm_V (1707).JPG",5.35889723535244,29
"431","Noerholm_V (1709).JPG",5.35889723535244,42
"432","Noerholm_V (171).JPG",20.4577015303881,62
"433","Noerholm_V (1710).JPG",5.35889723535244,28
"434","Noerholm_V (1712).JPG",5.35889723535244,50
"435","Noerholm_V (1714).JPG",5.35889723535244,41
"436","Noerholm_V (1715).JPG",5.35889723535244,10
"437","Noerholm_V (1718).JPG",5.35889723535244,23
"438","Noerholm_V (1720).JPG",4.80964738020552,42
"439","Noerholm_V (1721).JPG",5.35889723535244,31
"440","Noerholm_V (1724).JPG",5.35889723535244,31
"441","Noerholm_V (1727).JPG",5.35889723535244,29
"442","Noerholm_V (1729).JPG",5.35889723535244,40
"443","Noerholm_V (173).JPG",19.3053901788805,85
"444","Noerholm_V (1738).JPG",5.35889723535244,32
"445","Noerholm_V (1740).JPG",5.35889723535244,20
"446","Noerholm_V (1742).JPG",5.35889723535244,18
"447","Noerholm_V (1743).JPG",5.35889723535244,22
"448","Noerholm_V (1745).JPG",5.35889723535244,41
"449","Noerholm_V (1748).JPG",5.35889723535244,34
"450","Noerholm_V (175).JPG",19.3053901788805,91
"451","Noerholm_V (1753).JPG",5.35889723535244,44
"452","Noerholm_V (1755).JPG",5.35889723535244,50
"453","Noerholm_V (1757).JPG",5.35889723535244,51
"454","Noerholm_V (1759).JPG",5.35889723535244,35
"455","Noerholm_V (176).JPG",19.3053901788805,64
"456","Noerholm_V (1760).JPG",5.35889723535244,53
"457","Noerholm_V (1762).JPG",5.35889723535244,31
"458","Noerholm_V (1764).JPG",5.35889723535244,27
"459","Noerholm_V (1766).JPG",5.35889723535244,46
"460","Noerholm_V (1767).JPG",5.35889723535244,32
"461","Noerholm_V (1769).JPG",5.35889723535244,39
"462","Noerholm_V (1770).JPG",5.35889723535244,3
"463","Noerholm_V (1772).JPG",5.35889723535244,3
"464","Noerholm_V (1774).JPG",5.35889723535244,5
"465","Noerholm_V (1776).JPG",5.93783627185866,3
"466","Noerholm_V (1778).JPG",5.93783627185866,3
"467","Noerholm_V (178).JPG",19.3053901788805,70
"468","Noerholm_V (1780).JPG",5.93783627185866,4
"469","Noerholm_V (1782).JPG",7.18478188894898,8
"470","Noerholm_V (1784).JPG",7.18478188894898,7
"471","Noerholm_V (1786).JPG",7.18478188894898,4
"472","Noerholm_V (179).JPG",20.4577015303881,79
"473","Noerholm_V (1792).JPG",7.18478188894898,27
"474","Noerholm_V (1799).JPG",7.18478188894898,4
"475","Noerholm_V (18).JPG",7.3647725509397,46
"476","Noerholm_V (1801).JPG",7.18478188894898,2
"477","Noerholm_V (1804).JPG",6.54646448972417,2
"478","Noerholm_V (1806).JPG",7.18478188894898,2
"479","Noerholm_V (1808).JPG",7.18478188894898,8
"480","Noerholm_V (181).JPG",20.4577015303881,87
"481","Noerholm_V (1810).JPG",7.18478188894898,5
"482","Noerholm_V (1818).JPG",7.18478188894898,16
"483","Noerholm_V (1820).JPG",7.18478188894898,16
"484","Noerholm_V (1822).JPG",7.18478188894898,19
"485","Noerholm_V (1824).JPG",7.85278846953308,23
"486","Noerholm_V (1826).JPG",7.18478188894898,13
"487","Noerholm_V (1828).JPG",7.18478188894898,50
"488","Noerholm_V (1829).JPG",7.18478188894898,35
"489","Noerholm_V (1830).JPG",7.85278846953308,22
"490","Noerholm_V (1831).JPG",7.85278846953308,19
"491","Noerholm_V (1833).JPG",7.18478188894898,49
"492","Noerholm_V (1836).JPG",5.93783627185866,23
"493","Noerholm_V (1837).JPG",5.93783627185866,24
"494","Noerholm_V (1839).JPG",5.93783627185866,4
"495","Noerholm_V (1841).JPG",5.35889723535244,17
"496","Noerholm_V (1843).JPG",5.93783627185866,26
"497","Noerholm_V (1845).JPG",5.93783627185866,17
"498","Noerholm_V (1846).JPG",5.93783627185866,18
"499","Noerholm_V (1847).JPG",5.93783627185866,17
"500","Noerholm_V (1848).JPG",5.93783627185866,19
"501","Noerholm_V (1850).JPG",5.35889723535244,5
"502","Noerholm_V (1851).JPG",5.35889723535244,12
"503","Noerholm_V (1853).JPG",5.35889723535244,13
"504","Noerholm_V (1854).JPG",5.35889723535244,12
"505","Noerholm_V (1856).JPG",5.35889723535244,23
"506","Noerholm_V (1858).JPG",5.93783627185866,27
"507","Noerholm_V (1860).JPG",5.93783627185866,18
"508","Noerholm_V (1865).JPG",5.35889723535244,53
"509","Noerholm_V (1867).JPG",5.35889723535244,46
"510","Noerholm_V (1869).JPG",5.35889723535244,27
"511","Noerholm_V (187).JPG",19.3053901788805,57
"512","Noerholm_V (1871).JPG",5.93783627185866,26
"513","Noerholm_V (1872).JPG",5.35889723535244,17
"514","Noerholm_V (1873).JPG",5.93783627185866,17
"515","Noerholm_V (1874).JPG",5.93783627185866,17
"516","Noerholm_V (1875).JPG",5.35889723535244,26
"517","Noerholm_V (1876).JPG",5.35889723535244,21
"518","Noerholm_V (1878).JPG",5.35889723535244,23
"519","Noerholm_V (1879).JPG",5.93783627185866,8
"520","Noerholm_V (1881).JPG",5.93783627185866,49
"521","Noerholm_V (1882).JPG",5.93783627185866,26
"522","Noerholm_V (1883).JPG",5.93783627185866,40
"523","Noerholm_V (1885).JPG",5.93783627185866,22
"524","Noerholm_V (1886).JPG",5.35889723535244,26
"525","Noerholm_V (1888).JPG",5.35889723535244,23
"526","Noerholm_V (1889).JPG",5.35889723535244,30
"527","Noerholm_V (189).JPG",19.3053901788805,60
"528","Noerholm_V (1891).JPG",5.35889723535244,51
"529","Noerholm_V (1893).JPG",5.35889723535244,44
"530","Noerholm_V (19).JPG",7.3647725509397,16
"531","Noerholm_V (1902).JPG",6.54646448972417,14
"532","Noerholm_V (1904).JPG",6.54646448972417,13
"533","Noerholm_V (1909).JPG",5.35889723535244,11
"534","Noerholm_V (191).JPG",19.3053901788805,53
"535","Noerholm_V (1916).JPG",5.93783627185866,21
"536","Noerholm_V (1922).JPG",5.35889723535244,14
"537","Noerholm_V (1924).JPG",5.35889723535244,24
"538","Noerholm_V (1928).JPG",5.35889723535244,22
"539","Noerholm_V (193).JPG",19.3053901788805,16
"540","Noerholm_V (1930).JPG",5.35889723535244,26
"541","Noerholm_V (1938).JPG",5.35889723535244,14
"542","Noerholm_V (1940).JPG",5.35889723535244,21
"543","Noerholm_V (1942).JPG",5.35889723535244,13
"544","Noerholm_V (1945).JPG",5.93783627185866,12
"545","Noerholm_V (1947).JPG",5.35889723535244,22
"546","Noerholm_V (195).JPG",18.1864791564021,17
"547","Noerholm_V (1969).JPG",5.35889723535244,43
"548","Noerholm_V (1971).JPG",5.35889723535244,49
"549","Noerholm_V (1973).JPG",5.35889723535244,39
"550","Noerholm_V (1975).JPG",5.35889723535244,35
"551","Noerholm_V (1976).JPG",5.35889723535244,51
"552","Noerholm_V (1978).JPG",5.35889723535244,47
"553","Noerholm_V (198).JPG",18.1864791564021,22
"554","Noerholm_V (1980).JPG",5.35889723535244,43
"555","Noerholm_V (1982).JPG",5.35889723535244,48
"556","Noerholm_V (1984).JPG",5.35889723535244,51
"557","Noerholm_V (1986).JPG",5.35889723535244,42
"558","Noerholm_V (1987).JPG",5.35889723535244,39
"559","Noerholm_V (1989).JPG",5.35889723535244,35
"560","Noerholm_V (1994).JPG",5.35889723535244,18
"561","Noerholm_V (1996).JPG",5.35889723535244,13
"562","Noerholm_V (1998).JPG",5.35889723535244,5
"563","Noerholm_V (200).JPG",18.1864791564021,29
"564","Noerholm_V (2000).JPG",5.35889723535244,3
"565","Noerholm_V (202).JPG",18.1864791564021,12
"566","Noerholm_V (203).JPG",18.1864791564021,22
"567","Noerholm_V (205).JPG",18.1864791564021,27
"568","Noerholm_V (208).JPG",32.3315185002704,65
"569","Noerholm_V (21).JPG",7.3647725509397,52
"570","Noerholm_V (210).JPG",25.4009502267104,59
"571","Noerholm_V (212).JPG",25.4009502267104,26
"572","Noerholm_V (214).JPG",26.720263223364,36
"573","Noerholm_V (215).JPG",26.720263223364,65
"574","Noerholm_V (216).JPG",26.720263223364,59
"575","Noerholm_V (218).JPG",25.4009502267104,51
"576","Noerholm_V (220).JPG",24.115037559086,56
"577","Noerholm_V (222).JPG",24.115037559086,52
"578","Noerholm_V (224).JPG",24.115037559086,63
"579","Noerholm_V (226).JPG",24.115037559086,77
"580","Noerholm_V (227).JPG",24.115037559086,62
"581","Noerholm_V (229).JPG",25.4009502267104,58
"582","Noerholm_V (23).JPG",6.68006580584099,69
"583","Noerholm_V (230).JPG",24.115037559086,50
"584","Noerholm_V (231).JPG",24.115037559086,40
"585","Noerholm_V (234).JPG",24.115037559086,41
"586","Noerholm_V (235).JPG",24.115037559086,27
"587","Noerholm_V (236).JPG",24.115037559086,52
"588","Noerholm_V (239).JPG",24.115037559086,33
"589","Noerholm_V (240).JPG",24.115037559086,39
"590","Noerholm_V (242).JPG",25.4009502267104,36
"591","Noerholm_V (244).JPG",25.4009502267104,40
"592","Noerholm_V (246).JPG",25.4009502267104,46
"593","Noerholm_V (248).JPG",25.4009502267104,35
"594","Noerholm_V (25).JPG",7.3647725509397,94
"595","Noerholm_V (250).JPG",24.115037559086,40
"596","Noerholm_V (253).JPG",25.4009502267104,33
"597","Noerholm_V (255).JPG",25.4009502267104,28
"598","Noerholm_V (256).JPG",25.4009502267104,31
"599","Noerholm_V (258).JPG",25.4009502267104,33
"600","Noerholm_V (260).JPG",25.4009502267104,24
"601","Noerholm_V (262).JPG",24.115037559086,21
"602","Noerholm_V (263).JPG",25.4009502267104,17
"603","Noerholm_V (264).JPG",24.115037559086,30
"604","Noerholm_V (267).JPG",25.4009502267104,64
"605","Noerholm_V (270).JPG",25.4009502267104,40
"606","Noerholm_V (271).JPG",25.4009502267104,44
"607","Noerholm_V (272).JPG",26.720263223364,33
"608","Noerholm_V (274).JPG",25.4009502267104,29
"609","Noerholm_V (276).JPG",25.4009502267104,35
"610","Noerholm_V (278).JPG",25.4009502267104,38
"611","Noerholm_V (280).JPG",25.4009502267104,90
"612","Noerholm_V (281).JPG",25.4009502267104,127
"613","Noerholm_V (283).JPG",25.4009502267104,95
"614","Noerholm_V (285).JPG",25.4009502267104,24
"615","Noerholm_V (287).JPG",25.4009502267104,17
"616","Noerholm_V (289).JPG",25.4009502267104,49
"617","Noerholm_V (291).JPG",25.4009502267104,42
"618","Noerholm_V (293).JPG",25.4009502267104,45
"619","Noerholm_V (294).JPG",25.4009502267104,34
"620","Noerholm_V (296).JPG",25.4009502267104,29
"621","Noerholm_V (298).JPG",25.4009502267104,22
"622","Noerholm_V (300).JPG",25.4009502267104,10
"623","Noerholm_V (302).JPG",25.4009502267104,18
"624","Noerholm_V (303).JPG",25.4009502267104,27
"625","Noerholm_V (305).JPG",24.115037559086,6
"626","Noerholm_V (312).JPG",6.68006580584099,2
"627","Noerholm_V (313).JPG",6.68006580584099,17
"628","Noerholm_V (315).JPG",6.68006580584099,46
"629","Noerholm_V (317).JPG",7.3647725509397,58
"630","Noerholm_V (319).JPG",7.3647725509397,82
"631","Noerholm_V (32).JPG",6.68006580584099,63
"632","Noerholm_V (320).JPG",8.0828796250676,113
"633","Noerholm_V (321).JPG",7.3647725509397,171
"634","Noerholm_V (322).JPG",7.3647725509397,125
"635","Noerholm_V (324).JPG",7.3647725509397,122
"636","Noerholm_V (325).JPG",6.0287593897715,70
"637","Noerholm_V (326).JPG",6.0287593897715,70
"638","Noerholm_V (328).JPG",6.68006580584099,115
"639","Noerholm_V (330).JPG",7.3647725509397,141
"640","Noerholm_V (332).JPG",6.68006580584099,180
"641","Noerholm_V (334).JPG",7.3647725509397,107
"642","Noerholm_V (335).JPG",7.3647725509397,81
"643","Noerholm_V (337).JPG",10.4376028216266,103
"644","Noerholm_V (338).JPG",8.83438702822471,65
"645","Noerholm_V (340).JPG",7.3647725509397,111
"646","Noerholm_V (341).JPG",6.68006580584099,74
"647","Noerholm_V (342).JPG",7.3647725509397,65
"648","Noerholm_V (344).JPG",7.3647725509397,54
"649","Noerholm_V (347).JPG",6.68006580584099,51
"650","Noerholm_V (348).JPG",7.3647725509397,83
"651","Noerholm_V (352).JPG",6.68006580584099,62
"652","Noerholm_V (354).JPG",6.68006580584099,78
"653","Noerholm_V (356).JPG",7.3647725509397,65
"654","Noerholm_V (358).JPG",6.68006580584099,60
"655","Noerholm_V (359).JPG",6.68006580584099,108
"656","Noerholm_V (36).JPG",6.68006580584099,169
"657","Noerholm_V (360).JPG",7.3647725509397,112
"658","Noerholm_V (361).JPG",6.68006580584099,77
"659","Noerholm_V (363).JPG",6.68006580584099,118
"660","Noerholm_V (364).JPG",7.3647725509397,90
"661","Noerholm_V (366).JPG",6.68006580584099,99
"662","Noerholm_V (367).JPG",6.68006580584099,64
"663","Noerholm_V (369).JPG",6.68006580584099,79
"664","Noerholm_V (371).JPG",6.68006580584099,66
"665","Noerholm_V (373).JPG",7.3647725509397,55
"666","Noerholm_V (375).JPG",7.3647725509397,58
"667","Noerholm_V (377).JPG",7.3647725509397,48
"668","Noerholm_V (379).JPG",7.3647725509397,81
"669","Noerholm_V (381).JPG",7.3647725509397,48
"670","Noerholm_V (383).JPG",7.3647725509397,21
"671","Noerholm_V (384).JPG",7.3647725509397,36
"672","Noerholm_V (386).JPG",7.3647725509397,17
"673","Noerholm_V (387).JPG",5.41085330273121,27
"674","Noerholm_V (389).JPG",6.0287593897715,26
"675","Noerholm_V (391).JPG",6.68006580584099,18
"676","Noerholm_V (393).JPG",7.3647725509397,35
"677","Noerholm_V (395).JPG",7.3647725509397,19
"678","Noerholm_V (397).JPG",7.3647725509397,20
"679","Noerholm_V (400).JPG",6.68006580584099,5
"680","Noerholm_V (402).JPG",7.3647725509397,20
"681","Noerholm_V (404).JPG",6.68006580584099,17
"682","Noerholm_V (406).JPG",6.68006580584099,12
"683","Noerholm_V (409).JPG",6.0287593897715,10
"684","Noerholm_V (411).JPG",6.0287593897715,25
"685","Noerholm_V (413).JPG",6.0287593897715,82
"686","Noerholm_V (415).JPG",6.0287593897715,122
"687","Noerholm_V (417).JPG",5.41085330273121,101
"688","Noerholm_V (419).JPG",6.0287593897715,110
"689","Noerholm_V (421).JPG",5.41085330273121,102
"690","Noerholm_V (423).JPG",6.68006580584099,112
"691","Noerholm_V (425).JPG",5.41085330273121,116
"692","Noerholm_V (427).JPG",6.0287593897715,93
"693","Noerholm_V (429).JPG",6.0287593897715,117
"694","Noerholm_V (431).JPG",6.0287593897715,110
"695","Noerholm_V (433).JPG",6.0287593897715,107
"696","Noerholm_V (434).JPG",6.0287593897715,124
"697","Noerholm_V (435).JPG",5.41085330273121,103
"698","Noerholm_V (437).JPG",6.0287593897715,70
"699","Noerholm_V (439).JPG",6.0287593897715,61
"700","Noerholm_V (441).JPG",6.0287593897715,47
"701","Noerholm_V (443).JPG",6.0287593897715,58
"702","Noerholm_V (446).JPG",6.0287593897715,62
"703","Noerholm_V (447).JPG",6.0287593897715,71
"704","Noerholm_V (448).JPG",6.0287593897715,60
"705","Noerholm_V (453).JPG",6.0287593897715,33
"706","Noerholm_V (454).JPG",6.0287593897715,20
"707","Noerholm_V (455).JPG",6.0287593897715,52
"708","Noerholm_V (456).JPG",6.0287593897715,33
"709","Noerholm_V (458).JPG",6.0287593897715,62
"710","Noerholm_V (459).JPG",5.41085330273121,24
"711","Noerholm_V (461).JPG",6.0287593897715,30
"712","Noerholm_V (464).JPG",6.0287593897715,47
"713","Noerholm_V (465).JPG",6.0287593897715,32
"714","Noerholm_V (467).JPG",6.0287593897715,24
"715","Noerholm_V (469).JPG",5.41085330273121,16
"716","Noerholm_V (471).JPG",5.41085330273121,26
"717","Noerholm_V (472).JPG",6.0287593897715,11
"718","Noerholm_V (474).JPG",6.0287593897715,7
"719","Noerholm_V (475).JPG",6.0287593897715,12
"720","Noerholm_V (476).JPG",5.41085330273121,8
"721","Noerholm_V (479).JPG",5.41085330273121,6
"722","Noerholm_V (481).JPG",6.0287593897715,2
"723","Noerholm_V (483).JPG",5.41085330273121,8
"724","Noerholm_V (485).JPG",6.0287593897715,11
"725","Noerholm_V (486).JPG",6.0287593897715,13
"726","Noerholm_V (488).JPG",6.0287593897715,10
"727","Noerholm_V (490).JPG",6.0287593897715,8
"728","Noerholm_V (492).JPG",6.0287593897715,6
"729","Noerholm_V (493).JPG",6.0287593897715,9
"730","Noerholm_V (495).JPG",6.0287593897715,15
"731","Noerholm_V (497).JPG",5.41085330273121,29
"732","Noerholm_V (498).JPG",6.0287593897715,11
"733","Noerholm_V (501).JPG",5.41085330273121,11
"734","Noerholm_V (503).JPG",5.41085330273121,27
"735","Noerholm_V (505).JPG",6.0287593897715,24
"736","Noerholm_V (508).JPG",6.0287593897715,13
"737","Noerholm_V (510).JPG",6.0287593897715,6
"738","Noerholm_V (512).JPG",5.41085330273121,11
"739","Noerholm_V (514).JPG",6.0287593897715,5
"740","Noerholm_V (516).JPG",6.0287593897715,26
"741","Noerholm_V (518).JPG",6.0287593897715,25
"742","Noerholm_V (520).JPG",6.0287593897715,14
"743","Noerholm_V (522).JPG",7.3647725509397,15
"744","Noerholm_V (523).JPG",7.3647725509397,29
"745","Noerholm_V (525).JPG",7.3647725509397,13
"746","Noerholm_V (526).JPG",7.3647725509397,14
"747","Noerholm_V (529).JPG",7.3647725509397,38
"748","Noerholm_V (53).JPG",7.3647725509397,43
"749","Noerholm_V (531).JPG",7.3647725509397,30
"750","Noerholm_V (533).JPG",7.3647725509397,21
"751","Noerholm_V (534).JPG",7.3647725509397,16
"752","Noerholm_V (536).JPG",7.3647725509397,37
"753","Noerholm_V (538).JPG",7.3647725509397,26
"754","Noerholm_V (539).JPG",7.3647725509397,24
"755","Noerholm_V (540).JPG",6.68006580584099,17
"756","Noerholm_V (541).JPG",7.3647725509397,28
"757","Noerholm_V (545).JPG",7.3647725509397,20
"758","Noerholm_V (547).JPG",7.3647725509397,16
"759","Noerholm_V (548).JPG",7.3647725509397,35
"760","Noerholm_V (55).JPG",6.68006580584099,30
"761","Noerholm_V (550).JPG",8.0828796250676,25
"762","Noerholm_V (552).JPG",7.3647725509397,21
"763","Noerholm_V (554).JPG",7.3647725509397,26
"764","Noerholm_V (556).JPG",6.68006580584099,20
"765","Noerholm_V (557).JPG",7.3647725509397,23
"766","Noerholm_V (559).JPG",8.0828796250676,22
"767","Noerholm_V (56).JPG",7.3647725509397,28
"768","Noerholm_V (560).JPG",8.0828796250676,46
"769","Noerholm_V (562).JPG",8.0828796250676,33
"770","Noerholm_V (565).JPG",10.4376028216266,37
"771","Noerholm_V (567).JPG",9.61929476041103,43
"772","Noerholm_V (569).JPG",10.4376028216266,56
"773","Noerholm_V (570).JPG",9.61929476041103,64
"774","Noerholm_V (572).JPG",9.61929476041103,35
"775","Noerholm_V (574).JPG",9.61929476041103,29
"776","Noerholm_V (576).JPG",9.61929476041103,23
"777","Noerholm_V (578).JPG",9.61929476041103,7
"778","Noerholm_V (58).JPG",6.68006580584099,48
"779","Noerholm_V (580).JPG",9.61929476041103,11
"780","Noerholm_V (582).JPG",10.4376028216266,10
"781","Noerholm_V (589).JPG",6.0287593897715,10
"782","Noerholm_V (59).JPG",7.3647725509397,22
"783","Noerholm_V (590).JPG",6.68006580584099,21
"784","Noerholm_V (593).JPG",6.0287593897715,60
"785","Noerholm_V (595).JPG",6.0287593897715,29
"786","Noerholm_V (597).JPG",6.68006580584099,31
"787","Noerholm_V (598).JPG",6.0287593897715,34
"788","Noerholm_V (599).JPG",6.0287593897715,43
"789","Noerholm_V (6).JPG",6.0287593897715,24
"790","Noerholm_V (601).JPG",6.0287593897715,69
"791","Noerholm_V (603).JPG",6.68006580584099,87
"792","Noerholm_V (604).JPG",6.68006580584099,114
"793","Noerholm_V (606).JPG",6.0287593897715,118
"794","Noerholm_V (609).JPG",6.0287593897715,83
"795","Noerholm_V (61).JPG",7.3647725509397,37
"796","Noerholm_V (611).JPG",6.0287593897715,51
"797","Noerholm_V (614).JPG",6.68006580584099,39
"798","Noerholm_V (616).JPG",7.3647725509397,30
"799","Noerholm_V (618).JPG",6.0287593897715,44
"800","Noerholm_V (620).JPG",6.0287593897715,28
"801","Noerholm_V (622).JPG",6.0287593897715,18
"802","Noerholm_V (624).JPG",6.0287593897715,19
"803","Noerholm_V (626).JPG",6.0287593897715,16
"804","Noerholm_V (628).JPG",6.0287593897715,11
"805","Noerholm_V (63).JPG",7.3647725509397,57
"806","Noerholm_V (630).JPG",6.0287593897715,21
"807","Noerholm_V (632).JPG",6.0287593897715,8
"808","Noerholm_V (634).JPG",6.0287593897715,9
"809","Noerholm_V (636).JPG",6.0287593897715,19
"810","Noerholm_V (638).JPG",6.68006580584099,15
"811","Noerholm_V (640).JPG",6.68006580584099,12
"812","Noerholm_V (642).JPG",6.68006580584099,14
"813","Noerholm_V (644).JPG",6.68006580584099,20
"814","Noerholm_V (646).JPG",6.0287593897715,15
"815","Noerholm_V (648).JPG",6.68006580584099,14
"816","Noerholm_V (65).JPG",7.3647725509397,44
"817","Noerholm_V (651).JPG",6.0287593897715,13
"818","Noerholm_V (653).JPG",6.68006580584099,11
"819","Noerholm_V (655).JPG",6.68006580584099,11
"820","Noerholm_V (657).JPG",6.68006580584099,17
"821","Noerholm_V (659).JPG",6.68006580584099,11
"822","Noerholm_V (66).JPG",6.68006580584099,53
"823","Noerholm_V (661).JPG",6.68006580584099,7
"824","Noerholm_V (663).JPG",8.0828796250676,2
"825","Noerholm_V (665).JPG",7.3647725509397,6
"826","Noerholm_V (669).JPG",7.3647725509397,5
"827","Noerholm_V (67).JPG",7.3647725509397,79
"828","Noerholm_V (670).JPG",7.3647725509397,9
"829","Noerholm_V (672).JPG",7.3647725509397,11
"830","Noerholm_V (674).JPG",7.3647725509397,9
"831","Noerholm_V (676).JPG",7.3647725509397,10
"832","Noerholm_V (678).JPG",7.3647725509397,19
"833","Noerholm_V (680).JPG",7.3647725509397,21
"834","Noerholm_V (681).JPG",7.3647725509397,21
"835","Noerholm_V (683).JPG",7.3647725509397,2
"836","Noerholm_V (685).JPG",7.3647725509397,5
"837","Noerholm_V (687).JPG",7.3647725509397,9
"838","Noerholm_V (689).JPG",7.3647725509397,23
"839","Noerholm_V (69).JPG",6.68006580584099,59
"840","Noerholm_V (691).JPG",7.3647725509397,12
"841","Noerholm_V (693).JPG",7.3647725509397,14
"842","Noerholm_V (694).JPG",7.3647725509397,14
"843","Noerholm_V (696).JPG",7.3647725509397,6
"844","Noerholm_V (698).JPG",7.3647725509397,3
"845","Noerholm_V (700).JPG",7.3647725509397,7
"846","Noerholm_V (702).JPG",7.3647725509397,13
"847","Noerholm_V (704).JPG",8.0828796250676,13
"848","Noerholm_V (706).JPG",7.3647725509397,19
"849","Noerholm_V (708).JPG",7.3647725509397,30
"850","Noerholm_V (71).JPG",6.68006580584099,71
"851","Noerholm_V (710).JPG",8.0828796250676,23
"852","Noerholm_V (712).JPG",7.3647725509397,10
"853","Noerholm_V (715).JPG",6.0287593897715,23
"854","Noerholm_V (716).JPG",6.68006580584099,29
"855","Noerholm_V (717).JPG",6.68006580584099,29
"856","Noerholm_V (718).JPG",6.68006580584099,41
"857","Noerholm_V (720).JPG",6.68006580584099,28
"858","Noerholm_V (722).JPG",6.68006580584099,32
"859","Noerholm_V (724).JPG",6.68006580584099,6
"860","Noerholm_V (725).JPG",6.68006580584099,38
"861","Noerholm_V (728).JPG",6.68006580584099,60
"862","Noerholm_V (73).JPG",6.68006580584099,65
"863","Noerholm_V (730).JPG",7.3647725509397,3
"864","Noerholm_V (732).JPG",6.68006580584099,40
"865","Noerholm_V (734).JPG",6.68006580584099,10
"866","Noerholm_V (736).JPG",6.68006580584099,46
"867","Noerholm_V (738).JPG",6.68006580584099,59
"868","Noerholm_V (740).JPG",6.68006580584099,37
"869","Noerholm_V (742).JPG",6.68006580584099,34
"870","Noerholm_V (744).JPG",6.68006580584099,45
"871","Noerholm_V (746).JPG",6.68006580584099,26
"872","Noerholm_V (749).JPG",6.68006580584099,47
"873","Noerholm_V (752).JPG",14.0448383567807,41
"874","Noerholm_V (754).JPG",14.0448383567807,28
"875","Noerholm_V (756).JPG",13.0929289794484,30
"876","Noerholm_V (758).JPG",13.0929289794484,35
"877","Noerholm_V (76).JPG",7.3647725509397,53
"878","Noerholm_V (760).JPG",13.0929289794484,50
"879","Noerholm_V (762).JPG",13.0929289794484,53
"880","Noerholm_V (764).JPG",14.0448383567807,30
"881","Noerholm_V (766).JPG",13.0929289794484,46
"882","Noerholm_V (768).JPG",14.0448383567807,27
"883","Noerholm_V (769).JPG",13.0929289794484,29
"884","Noerholm_V (77).JPG",6.68006580584099,51
"885","Noerholm_V (771).JPG",13.0929289794484,27
"886","Noerholm_V (773).JPG",13.0929289794484,33
"887","Noerholm_V (775).JPG",13.0929289794484,34
"888","Noerholm_V (777).JPG",14.0448383567807,36
"889","Noerholm_V (779).JPG",13.0929289794484,31
"890","Noerholm_V (781).JPG",13.0929289794484,44
"891","Noerholm_V (783).JPG",13.0929289794484,45
"892","Noerholm_V (785).JPG",14.0448383567807,28
"893","Noerholm_V (786).JPG",13.0929289794484,44
"894","Noerholm_V (788).JPG",13.0929289794484,26
"895","Noerholm_V (790).JPG",13.0929289794484,26
"896","Noerholm_V (792).JPG",13.0929289794484,13
"897","Noerholm_V (793).JPG",13.0929289794484,14
"898","Noerholm_V (795).JPG",15.0301480631422,41
"899","Noerholm_V (8).JPG",6.0287593897715,6
"900","Noerholm_V (80).JPG",6.68006580584099,76
"901","Noerholm_V (800).JPG",7.3647725509397,21
"902","Noerholm_V (801).JPG",7.3647725509397,26
"903","Noerholm_V (802).JPG",6.68006580584099,90
"904","Noerholm_V (810).JPG",6.68006580584099,78
"905","Noerholm_V (812).JPG",6.68006580584099,89
"906","Noerholm_V (817).JPG",6.68006580584099,136
"907","Noerholm_V (819).JPG",5.41085330273121,68
"908","Noerholm_V (82).JPG",7.3647725509397,80
"909","Noerholm_V (821).JPG",6.0287593897715,96
"910","Noerholm_V (823).JPG",6.0287593897715,42
"911","Noerholm_V (824).JPG",5.41085330273121,36
"912","Noerholm_V (826).JPG",5.41085330273121,104
"913","Noerholm_V (827).JPG",6.0287593897715,54
"914","Noerholm_V (830).JPG",7.3647725509397,39
"915","Noerholm_V (832).JPG",6.68006580584099,33
"916","Noerholm_V (834).JPG",6.68006580584099,32
"917","Noerholm_V (836).JPG",8.0828796250676,11
"918","Noerholm_V (838).JPG",6.68006580584099,35
"919","Noerholm_V (840).JPG",6.68006580584099,31
"920","Noerholm_V (842).JPG",6.68006580584099,18
"921","Noerholm_V (844).JPG",6.68006580584099,15
"922","Noerholm_V (846).JPG",7.3647725509397,19
"923","Noerholm_V (847).JPG",6.68006580584099,31
"924","Noerholm_V (849).JPG",7.3647725509397,30
"925","Noerholm_V (85).JPG",7.3647725509397,57
"926","Noerholm_V (851).JPG",7.3647725509397,31
"927","Noerholm_V (852).JPG",7.3647725509397,32
"928","Noerholm_V (854).JPG",7.3647725509397,22
"929","Noerholm_V (857).JPG",7.3647725509397,13
"930","Noerholm_V (859).JPG",7.3647725509397,19
"931","Noerholm_V (861).JPG",7.3647725509397,15
"932","Noerholm_V (863).JPG",7.3647725509397,21
"933","Noerholm_V (865).JPG",7.3647725509397,26
"934","Noerholm_V (866).JPG",7.3647725509397,27
"935","Noerholm_V (867).JPG",7.3647725509397,15
"936","Noerholm_V (868).JPG",7.3647725509397,10
"937","Noerholm_V (869).JPG",7.3647725509397,27
"938","Noerholm_V (871).JPG",7.3647725509397,12
"939","Noerholm_V (873).JPG",7.3647725509397,10
"940","Noerholm_V (875).JPG",7.3647725509397,9
"941","Noerholm_V (877).JPG",8.0828796250676,19
"942","Noerholm_V (88).JPG",7.3647725509397,42
"943","Noerholm_V (880).JPG",7.3647725509397,41
"944","Noerholm_V (882).JPG",7.3647725509397,28
"945","Noerholm_V (884).JPG",7.3647725509397,16
"946","Noerholm_V (885).JPG",7.3647725509397,10
"947","Noerholm_V (887).JPG",7.3647725509397,30
"948","Noerholm_V (889).JPG",8.0828796250676,18
"949","Noerholm_V (891).JPG",8.0828796250676,24
"950","Noerholm_V (893).JPG",7.3647725509397,32
"951","Noerholm_V (894).JPG",7.3647725509397,38
"952","Noerholm_V (895).JPG",7.3647725509397,11
"953","Noerholm_V (896).JPG",8.0828796250676,26
"954","Noerholm_V (898).JPG",7.3647725509397,40
"955","Noerholm_V (899).JPG",7.3647725509397,46
"956","Noerholm_V (90).JPG",7.3647725509397,25
"957","Noerholm_V (900).JPG",7.3647725509397,46
"958","Noerholm_V (906).JPG",8.0828796250676,9
"959","Noerholm_V (907).JPG",7.3647725509397,3
"960","Noerholm_V (908).JPG",7.3647725509397,9
"961","Noerholm_V (909).JPG",7.3647725509397,11
"962","Noerholm_V (91).JPG",6.68006580584099,31
"963","Noerholm_V (910).JPG",7.3647725509397,22
"964","Noerholm_V (911).JPG",7.3647725509397,33
"965","Noerholm_V (913).JPG",7.3647725509397,49
"966","Noerholm_V (914).JPG",7.3647725509397,43
"967","Noerholm_V (915).JPG",7.3647725509397,59
"968","Noerholm_V (917).JPG",7.3647725509397,43
"969","Noerholm_V (919).JPG",8.0828796250676,31
"970","Noerholm_V (921).JPG",7.3647725509397,37
"971","Noerholm_V (922).JPG",7.3647725509397,32
"972","Noerholm_V (923).JPG",7.3647725509397,52
"973","Noerholm_V (925).JPG",6.68006580584099,37
"974","Noerholm_V (927).JPG",7.3647725509397,28
"975","Noerholm_V (929).JPG",7.3647725509397,25
"976","Noerholm_V (93).JPG",6.68006580584099,13
"977","Noerholm_V (939).JPG",7.3647725509397,22
"978","Noerholm_V (941).JPG",7.3647725509397,28
"979","Noerholm_V (943).JPG",7.3647725509397,32
"980","Noerholm_V (945).JPG",7.3647725509397,24
"981","Noerholm_V (947).JPG",7.3647725509397,48
"982","Noerholm_V (949).JPG",7.3647725509397,43
"983","Noerholm_V (95).JPG",7.3647725509397,30
"984","Noerholm_V (951).JPG",7.3647725509397,29
"985","Noerholm_V (953).JPG",7.3647725509397,38
"986","Noerholm_V (955).JPG",7.3647725509397,46
"987","Noerholm_V (957).JPG",7.3647725509397,37
"988","Noerholm_V (959).JPG",7.3647725509397,25
"989","Noerholm_V (960).JPG",8.0828796250676,26
"990","Noerholm_V (962).JPG",7.3647725509397,13
"991","Noerholm_V (964).JPG",7.3647725509397,11
"992","Noerholm_V (969).JPG",8.0828796250676,6
"993","Noerholm_V (97).JPG",6.0287593897715,31
"994","Noerholm_V (971).JPG",7.3647725509397,20
"995","Noerholm_V (973).JPG",7.3647725509397,6
"996","Noerholm_V (975).JPG",7.3647725509397,8
"997","Noerholm_V (976).JPG",7.3647725509397,12
"998","Noerholm_V (977).JPG",7.3647725509397,25
"999","Noerholm_V (978).JPG",8.0828796250676,16
"1000","Noerholm_V (980).JPG",7.3647725509397,25
"1001","Noerholm_V (982).JPG",7.3647725509397,17
"1002","Noerholm_V (984).JPG",7.3647725509397,15
"1003","Noerholm_V (988).JPG",6.68006580584099,32
"1004","Noerholm_V (992).JPG",6.0287593897715,82
"1005","Noerholm_V (998).JPG",6.68006580584099,26
